[
    {
        "url": "https://www.w3schools.com/css/default.asp",
        "description": [
            "CSS is the language we use to style an HTML document.",
            "CSS describes how HTML elements should be displayed.",
            "This tutorial will teach you CSS from basic to advanced."
        ],
        "title": "CSS Tutorial"
    },
    {
        "url": "https://www.w3schools.com/python/default.asp",
        "description": [
            "Python is a popular programming language.",
            "Python can be used on a server to create web applications."
        ],
        "title": "Python Tutorial"
    },
    {
        "url": "https://www.w3schools.com/js/default.asp",
        "description": [
            "JavaScript is the world's most popular programming language.",
            "JavaScript is the programming language of the Web.",
            "JavaScript is easy to learn.",
            "This tutorial will teach you JavaScript from basic to advanced."
        ],
        "title": "JavaScript Tutorial"
    },
    {
        "url": "https://www.w3schools.com/php/default.asp",
        "description": [
            "PHP is a server scripting language, and a powerful tool for making dynamic and interactive Web pages.",
            "PHP is a widely-used, free, and efficient alternative to competitors such as Microsoft's ASP."
        ],
        "title": "PHP Tutorial"
    },
    {
        "url": "https://www.w3schools.com/html/default.asp",
        "description": [
            "HTML is the standard markup language for Web pages.",
            "With HTML you can create your own Website.",
            "HTML is easy to learn - You will enjoy it!"
        ],
        "title": "HTML Tutorial"
    },
    {
        "url": "https://www.w3schools.com/java/default.asp",
        "description": [
            "Java is a popular programming language.",
            "Java is used to develop mobile apps, web apps, desktop apps, games and much \nmore."
        ],
        "title": "Java Tutorial"
    },
    {
        "url": "https://www.w3schools.com/sql/default.asp",
        "description": [
            "SQL is a standard language for storing, manipulating and retrieving data \nin databases.",
            "Our SQL tutorial will teach you how to use SQL in:\nMySQL, SQL Server, MS Access, Oracle, Sybase, Informix, Postgres, and other database systems."
        ],
        "title": "SQL Tutorial"
    },
    {
        "url": "https://www.w3schools.com/cs/index.php",
        "description": [
            "C# (C-Sharp) is a programming language developed by Microsoft that runs on the .NET \nFramework.",
            "C# is used to develop web apps, desktop apps, mobile apps, games and much \nmore."
        ],
        "title": "C# Tutorial"
    },
    {
        "url": "https://www.w3schools.com/c/index.php",
        "description": [
            "C is a general-purpose programming language that has been widely used for \nover 50 years.",
            "C is very powerful; it has been used to develop operating systems, databases, applications, etc."
        ],
        "title": "C Tutorial"
    },
    {
        "url": "https://www.w3schools.com/cpp/default.asp",
        "description": [
            "C++ is a popular programming language.",
            "C++ is used to create computer programs, and is one of the most used language in game development.",
            "C++ was developed as an extension of ",
            ", and both languages have almost the same syntax."
        ],
        "title": "C++ Tutorial"
    },
    {
        "url": "https://www.w3schools.com/react/default.asp",
        "description": [
            "React is a JavaScript library for building user interfaces.",
            "React is used to build single-page applications.",
            "React allows us to create reusable UI components."
        ],
        "title": "React Tutorial"
    },
    {
        "url": "https://www.w3schools.com/jquery/default.asp",
        "description": [
            "jQuery is a JavaScript Library.",
            "jQuery greatly simplifies JavaScript programming.",
            "jQuery is easy to learn."
        ],
        "title": "JQuery Tutorial"
    },
    {
        "url": "https://www.w3schools.com/mysql/default.asp",
        "description": [
            "MySQL is a widely used relational database management system (RDBMS).",
            "MySQL is free and open-source.",
            "MySQL is ideal for both small and large applications."
        ],
        "title": "MySQL Tutorial"
    },
    {
        "url": "https://www.w3schools.com/excel/index.php",
        "description": [
            "Excel is the world's most used spreadsheet program",
            "Excel is a powerful tool to use for mathematical functions"
        ],
        "title": "Excel Tutorial"
    },
    {
        "url": "https://www.w3schools.com/xml/default.asp",
        "description": [
            "XML stands for eXtensible Markup Language.",
            "XML was designed to store and transport data.",
            "XML was designed to be both human- and machine-readable."
        ],
        "title": "XML Tutorial"
    },
    {
        "url": "https://www.w3schools.com/dsa/index.php",
        "description": [
            "Data Structures and Algorithms (DSA) is a fundamental part of Computer Science that teaches you how to think and solve complex problems systematically.",
            "Using the right data structure and algorithm makes your program run faster, especially when working with lots of data.",
            "Knowing DSA can help you perform better in job interviews and land great jobs in tech companies."
        ],
        "title": "DSA Tutorial"
    },
    {
        "url": "https://www.w3schools.com/django/index.php",
        "description": [
            "Django is a back-end server side web framework.",
            "Django is free, open source and written in Python.",
            "Django makes it easier to build web pages using Python."
        ],
        "title": "Django Tutorial"
    },
    {
        "url": "https://www.w3schools.com/python/pandas/default.asp",
        "description": [
            "Pandas is a Python library.",
            "Pandas is used to analyze data."
        ],
        "title": "Pandas Tutorial"
    },
    {
        "url": "https://www.w3schools.com/nodejs/default.asp",
        "description": [
            "Node.js is an open source server environment.",
            "Node.js allows you to run JavaScript on the server."
        ],
        "title": "Node.js Tutorial"
    },
    {
        "url": "https://www.w3schools.com/typescript/index.php",
        "description": [
            "TypeScript is ",
            " with added syntax for types."
        ],
        "title": "TypeScript Tutorial"
    },
    {
        "url": "https://www.w3schools.com/python/numpy/default.asp",
        "description": [
            "NumPy is a Python library.",
            "NumPy is used for working with arrays.",
            "NumPy is short for \"Numerical Python\"."
        ],
        "title": "NumPy Tutorial"
    },
    {
        "url": "https://www.w3schools.com/angular/default.asp",
        "description": [
            "AngularJS extends HTML with new attributes.",
            "AngularJS is perfect for Single Page Applications (SPAs).",
            "AngularJS is easy to learn."
        ],
        "title": "Angular.js Tutorial"
    },
    {
        "url": "https://www.w3schools.com/asp/default.asp",
        "description": [
            "ASP stands for ",
            "ctive ",
            "erver ",
            "ages",
            "ASP is a development framework for building web pages."
        ],
        "title": "ASP Tutorial"
    },
    {
        "url": "https://www.w3schools.com/go/index.php",
        "description": [
            "Go is a popular programming language.",
            "Go is used to create computer programs."
        ],
        "title": "Go Tutorial"
    },
    {
        "url": "https://www.w3schools.com/r/default.asp",
        "description": [
            "R is a programming language.",
            "R is often used for statistical computing and graphical presentation to analyze \n  and visualize data."
        ],
        "title": "R Tutorial"
    },
    {
        "url": "https://www.w3schools.com/git/default.asp",
        "description": [
            "Git is a version control system.",
            "Git helps you keep track of code changes.",
            "Git is used to collaborate on code."
        ],
        "title": "Git Tutorial"
    },
    {
        "url": "https://www.w3schools.com/postgresql/index.php",
        "description": [
            "PostgreSQL is an advanced relational database system.",
            "PostgreSQL supports both relational (SQL) and non-relational (JSON) queries.",
            "PostgreSQL is free and open-source."
        ],
        "title": "PostgreSQL Tutorial"
    },
    {
        "url": "https://www.w3schools.com/mongodb/index.php",
        "description": [
            "MongoDB is a document database. It stores data in a type of JSON format called BSON.",
            "If you are unfamiliar with JSON, check out our ",
            ".",
            "A record in MongoDB is a document, which is a data structure composed of key value pairs similar to the structure of JSON objects."
        ],
        "title": "MongoDB Tutorial"
    },
    {
        "url": "https://www.w3schools.com/kotlin/index.php",
        "description": [
            "Kotlin is a modern, trending programming language.",
            "Kotlin is easy to learn, especially if you already know Java (it is \n  100% compatible with Java).",
            "Kotlin is used to develop Android apps, server side apps, and much more."
        ],
        "title": "Kotlin Tutorial"
    },
    {
        "url": "https://www.w3schools.com/vue/index.php",
        "description": [
            "Vue is a popular JavaScript framework.",
            "User interfaces built in Vue updates automatically when data changes.",
            "Vue is easy to learn."
        ],
        "title": "Vue.js Tutorial"
    },
    {
        "url": "https://www.w3schools.com/cybersecurity/index.php",
        "description": [
            "Welcome to this introductory course in Cyber security.",
            "This course serves as an excellent primer to the many different domains of Cyber security."
        ],
        "title": "Cyber security Tutorial"
    },
    {
        "url": "https://www.w3schools.com/python/scipy/index.php",
        "description": [
            "SciPy is a scientific computation library that uses ",
            " underneath.",
            "SciPy stands for Scientific Python. "
        ],
        "title": "SciPy Tutorial"
    },
    {
        "url": "https://www.w3schools.com/sass/default.php",
        "description": [
            "Sass is a CSS pre-processor.",
            "Sass reduces repetition of CSS and therefore saves time."
        ],
        "title": "Sass Tutorial"
    },
    {
        "url": "https://www.w3schools.com/gen_ai/index.php",
        "description": [
            "Generative AI can help boost your productivity if used correctly.",
            "AI prompt engineering is one of the hottest jobs in tech.",
            "Knowing how to write prompts correctly is the key to helping you use generative AIs."
        ],
        "title": "Gen A.I. Tutorial"
    },
    {
        "url": "https://www.w3schools.com/datascience/default.asp",
        "description": [
            "Today, Data rules the world. This has resulted in a huge demand for Data Scientists.",
            "A Data Scientist helps companies with data-driven decisions, to make their business better."
        ],
        "title": "Data science Tutorial"
    }
]